stateut,2020,2021,2022,2023,source_file,percentage_of_tb_cases_out_of_the_total_tb_cases_notified_in_2023_januarydecember__0_to_14_years,percentage_of_tb_cases_out_of_the_total_tb_cases_notified_in_2023_januarydecember__15_years_to_30_years,percentage_of_tb_cases_out_of_the_total_tb_cases_notified_in_2023_januarydecember__31_years_to_45_years,percentage_of_tb_cases_out_of_the_total_tb_cases_notified_in_2023_januarydecember__46_years_to_60_years,percentage_of_tb_cases_out_of_the_total_tb_cases_notified_in_2023_januarydecember___60_years,percentage_of_tb_cases_out_of_the_total_tb_cases_notified_in_2024_januaryoctober__0_to_14_years,percentage_of_tb_cases_out_of_the_total_tb_cases_notified_in_2024_januaryoctober__15_years_to_30_years,percentage_of_tb_cases_out_of_the_total_tb_cases_notified_in_2024_januaryoctober__31_years_to_45_years,percentage_of_tb_cases_out_of_the_total_tb_cases_notified_in_2024_januaryoctober__46_years_to_60_years,percentage_of_tb_cases_out_of_the_total_tb_cases_notified_in_2024_januaryoctober___60_years,source_file_rs_RS_Session_266_AU_1736_A_to_C_3 (1)_clean.csv,percentage_of_tb_deaths_of_total_tb_cases_reported_in_2023_januarydecember__0_to_14_years,percentage_of_tb_deaths_of_total_tb_cases_reported_in_2023_januarydecember__15_years_to_30_years,percentage_of_tb_deaths_of_total_tb_cases_reported_in_2023_januarydecember__31_years_to_45_years,percentage_of_tb_deaths_of_total_tb_cases_reported_in_2023_januarydecember__46_years_to_60_years,percentage_of_tb_deaths_of_total_tb_cases_reported_in_2023_januarydecember__60_years,percentage_of_tb_deaths_of_total_tb_cases_reported_in_2024_januaryoctober__0_to_14_years,percentage_of_tb_deaths_of_total_tb_cases_reported_in_2024_januaryoctober__15_years_to_30_years,percentage_of_tb_deaths_of_total_tb_cases_reported_in_2024_januaryoctober__31_years_to_45_years,percentage_of_tb_deaths_of_total_tb_cases_reported_in_2024_januaryoctober__46_years_to_60_years,percentage_of_tb_deaths_of_total_tb_cases_reported_in_2024_januaryoctober__60_years,source_file_rs_RS_Session_266_AU_1736_A_to_C_4_clean.csv,tb_cases_notification_in_2024_january_to_october,tb_deaths__2024_january_to_october,source_file_rs_RS_Session_266_AU_2511_1_clean.csv,2023__tb_patients_notified,2023__treated_successfully,2024__tb_patients_notified,source_file_rs_RS_Session_267_AU_3467_1_clean.csv
Andaman and Nicobar Islands,478,507,534,295,rs_RS_Session_260_AU_618_A_to_B_i_clean.csv,4,27,27,26,16,4,24,31,22,19,rs_RS_Session_266_AU_1736_A_to_C_3 (1)_clean.csv,0.0,0.0,2.4,3.9,8.2,7.7,0.0,5.4,1.7,7.1,rs_RS_Session_266_AU_1736_A_to_C_4_clean.csv,445,13,rs_RS_Session_266_AU_2511_1_clean.csv,488,369,533,rs_RS_Session_267_AU_3467_1_clean.csv
Andhra Pradesh,64065,86832,92187,37609,rs_RS_Session_260_AU_618_A_to_B_i_clean.csv,3,17,24,30,26,3,17,25,30,25,rs_RS_Session_266_AU_1736_A_to_C_3 (1)_clean.csv,0.7,0.7,1.5,1.6,2.7,0.6,0.8,1.4,1.9,2.5,rs_RS_Session_266_AU_1736_A_to_C_4_clean.csv,69371,1208,rs_RS_Session_266_AU_2511_1_clean.csv,86033,82215,81804,rs_RS_Session_267_AU_3467_1_clean.csv
Arunachal Pradesh,2522,2724,2863,1126,rs_RS_Session_260_AU_618_A_to_B_i_clean.csv,9,44,23,14,10,10,41,24,15,10,rs_RS_Session_266_AU_1736_A_to_C_3 (1)_clean.csv,2.0,1.0,2.2,5.0,5.5,1.0,0.9,2.2,8.2,9.6,rs_RS_Session_266_AU_1736_A_to_C_4_clean.csv,2430,65,rs_RS_Session_266_AU_2511_1_clean.csv,2606,1948,2939,rs_RS_Session_267_AU_3467_1_clean.csv
Assam,35261,37641,47822,21155,rs_RS_Session_260_AU_618_A_to_B_i_clean.csv,3,26,29,25,17,3,26,28,25,18,rs_RS_Session_266_AU_1736_A_to_C_3 (1)_clean.csv,1.8,2.0,3.1,5.0,6.5,1.5,1.9,3.2,4.5,6.7,rs_RS_Session_266_AU_1736_A_to_C_4_clean.csv,42202,1533,rs_RS_Session_266_AU_2511_1_clean.csv,50180,44878,49389,rs_RS_Session_267_AU_3467_1_clean.csv
Bihar,98994,131703,161165,77278,rs_RS_Session_260_AU_618_A_to_B_i_clean.csv,10,34,23,18,15,10,34,22,18,16,rs_RS_Session_266_AU_1736_A_to_C_3 (1)_clean.csv,1.5,1.3,2.5,4.8,7.7,1.0,1.1,2.2,4.2,6.3,rs_RS_Session_266_AU_1736_A_to_C_4_clean.csv,167193,4116,rs_RS_Session_266_AU_2511_1_clean.csv,184706,155580,203853,rs_RS_Session_267_AU_3467_1_clean.csv
Chandigarh,4294,4720,6066,1693,rs_RS_Session_260_AU_618_A_to_B_i_clean.csv,8,35,26,17,14,9,36,25,17,13,rs_RS_Session_266_AU_1736_A_to_C_3 (1)_clean.csv,1.6,1.3,3.5,8.5,15.0,3.1,1.5,4.1,5.9,9.0,rs_RS_Session_266_AU_1736_A_to_C_4_clean.csv,5885,129,rs_RS_Session_266_AU_2511_1_clean.csv,3912,3050,4108,rs_RS_Session_267_AU_3467_1_clean.csv
Chhattisgarh,29339,32416,38521,15791,rs_RS_Session_260_AU_618_A_to_B_i_clean.csv,6,25,27,24,18,5,26,27,24,18,rs_RS_Session_266_AU_1736_A_to_C_3 (1)_clean.csv,1.9,2.4,4.1,7.0,11.5,1.9,2.2,4.2,6.4,10.2,rs_RS_Session_266_AU_1736_A_to_C_4_clean.csv,32526,1571,rs_RS_Session_266_AU_2511_1_clean.csv,37473,33401,38957,rs_RS_Session_267_AU_3467_1_clean.csv
Dadra And Nagar Haveli And Daman And Diu,965,1013,1399,368,rs_RS_Session_260_AU_618_A_to_B_i_clean.csv,6,41,31,14,8,7,43,29,15,6,rs_RS_Session_266_AU_1736_A_to_C_3 (1)_clean.csv,0.0,0.8,1.1,8.6,9.8,0.0,0.3,0.4,0.0,4.3,rs_RS_Session_266_AU_1736_A_to_C_4_clean.csv,889,4,rs_RS_Session_266_AU_2511_1_clean.csv,822,725,790,rs_RS_Session_267_AU_3467_1_clean.csv
Delhi,86842,103038,106731,37361,rs_RS_Session_260_AU_618_A_to_B_i_clean.csv,10,43,24,14,9,11,43,23,13,10,rs_RS_Session_266_AU_1736_A_to_C_3 (1)_clean.csv,1.0,1.0,2.3,5.0,8.5,1.1,0.9,2.2,4.0,7.1,rs_RS_Session_266_AU_1736_A_to_C_4_clean.csv,88868,1523,rs_RS_Session_266_AU_2511_1_clean.csv,82426,64098,90281,rs_RS_Session_267_AU_3467_1_clean.csv
Goa,1660,2018,2091,871,rs_RS_Session_260_AU_618_A_to_B_i_clean.csv,3,25,28,24,20,3,26,25,26,20,rs_RS_Session_266_AU_1736_A_to_C_3 (1)_clean.csv,6.7,2.7,5.4,12.4,19.7,4.0,1.0,5.9,8.2,18.1,rs_RS_Session_266_AU_1736_A_to_C_4_clean.csv,1710,117,rs_RS_Session_266_AU_2511_1_clean.csv,1823,1376,1973,rs_RS_Session_267_AU_3467_1_clean.csv
Gujarat,120560,144731,151912,60585,rs_RS_Session_260_AU_618_A_to_B_i_clean.csv,5,30,28,22,15,4,30,28,22,16,rs_RS_Session_266_AU_1736_A_to_C_3 (1)_clean.csv,1.7,1.6,3.6,5.7,8.7,1.7,1.7,3.4,5.4,7.9,rs_RS_Session_266_AU_1736_A_to_C_4_clean.csv,113431,4413,rs_RS_Session_266_AU_2511_1_clean.csv,133898,122604,129465,rs_RS_Session_267_AU_3467_1_clean.csv
Haryana,62697,69083,75838,34531,rs_RS_Session_260_AU_618_A_to_B_i_clean.csv,5,32,25,19,19,6,32,25,19,18,rs_RS_Session_266_AU_1736_A_to_C_3 (1)_clean.csv,1.1,1.2,2.9,6.7,8.9,1.3,1.3,2.9,5.5,9.3,rs_RS_Session_266_AU_1736_A_to_C_4_clean.csv,73703,2505,rs_RS_Session_266_AU_2511_1_clean.csv,75745,66862,83673,rs_RS_Session_267_AU_3467_1_clean.csv
Himachal Pradesh,13424,14492,16089,6924,rs_RS_Session_260_AU_618_A_to_B_i_clean.csv,3,27,24,21,25,3,28,22,22,25,rs_RS_Session_266_AU_1736_A_to_C_3 (1)_clean.csv,1.0,0.8,2.8,6.2,14.6,1.6,1.0,2.3,5.8,14.5,rs_RS_Session_266_AU_1736_A_to_C_4_clean.csv,13429,723,rs_RS_Session_266_AU_2511_1_clean.csv,15399,13577,15621,rs_RS_Session_267_AU_3467_1_clean.csv
Jammu And Kashmir,8830,10826,11804,5253,rs_RS_Session_260_AU_618_A_to_B_i_clean.csv,5,27,22,21,25,5,28,21,20,26,rs_RS_Session_266_AU_1736_A_to_C_3 (1)_clean.csv,2.1,0.4,1.7,4.6,8.8,1.6,0.8,1.8,3.3,7.6,rs_RS_Session_266_AU_1736_A_to_C_4_clean.csv,10442,313,rs_RS_Session_266_AU_2511_1_clean.csv,11382,9808,11964,rs_RS_Session_267_AU_3467_1_clean.csv
Jharkhand,45505,52179,57320,23890,rs_RS_Session_260_AU_618_A_to_B_i_clean.csv,5,29,28,23,15,4,29,29,23,15,rs_RS_Session_266_AU_1736_A_to_C_3 (1)_clean.csv,1.3,1.3,2.5,4.0,4.9,1.1,1.3,2.4,3.4,4.8,rs_RS_Session_266_AU_1736_A_to_C_4_clean.csv,53213,1272,rs_RS_Session_266_AU_2511_1_clean.csv,60592,54623,63913,rs_RS_Session_267_AU_3467_1_clean.csv
Karnataka,65785,72435,80416,31794,rs_RS_Session_260_AU_618_A_to_B_i_clean.csv,4,22,28,25,21,4,22,27,26,21,rs_RS_Session_266_AU_1736_A_to_C_3 (1)_clean.csv,1.2,2.2,5.7,8.3,13.5,1.4,2.1,4.9,6.8,11.7,rs_RS_Session_266_AU_1736_A_to_C_4_clean.csv,65186,3711,rs_RS_Session_266_AU_2511_1_clean.csv,74493,65094,74135,rs_RS_Session_267_AU_3467_1_clean.csv
Kerala,20835,21872,23388,9113,rs_RS_Session_260_AU_618_A_to_B_i_clean.csv,2,13,17,32,36,2,14,18,32,34,rs_RS_Session_266_AU_1736_A_to_C_3 (1)_clean.csv,0.6,1.2,3.1,6.9,16.9,0.7,1.4,3.4,7.4,16.9,rs_RS_Session_266_AU_1736_A_to_C_4_clean.csv,17267,1540,rs_RS_Session_266_AU_2511_1_clean.csv,20558,17117,20214,rs_RS_Session_267_AU_3467_1_clean.csv
Ladakh,239,291,320,167,rs_RS_Session_260_AU_618_A_to_B_i_clean.csv,3,16,14,18,49,3,15,16,16,50,rs_RS_Session_266_AU_1736_A_to_C_3 (1)_clean.csv,0.0,1.4,0.0,1.7,8.6,0.0,2.0,0.0,2.2,2.1,rs_RS_Session_266_AU_1736_A_to_C_4_clean.csv,235,5,rs_RS_Session_266_AU_2511_1_clean.csv,328,257,318,rs_RS_Session_267_AU_3467_1_clean.csv
Lakshadweep,20,12,11,6,rs_RS_Session_260_AU_618_A_to_B_i_clean.csv,0,42,25,8,25,0,8,25,33,34,rs_RS_Session_266_AU_1736_A_to_C_3 (1)_clean.csv,0.0,0.0,0.0,0.0,0.0,0.0,16.7,0.0,0.0,0.0,rs_RS_Session_266_AU_1736_A_to_C_4_clean.csv,6,1,rs_RS_Session_266_AU_2511_1_clean.csv,13,12,14,rs_RS_Session_267_AU_3467_1_clean.csv
Madhya Pradesh,137648,166346,186293,72591,rs_RS_Session_260_AU_618_A_to_B_i_clean.csv,7,30,27,21,15,7,30,27,21,15,rs_RS_Session_266_AU_1736_A_to_C_3 (1)_clean.csv,1.2,1.7,3.0,5.1,8.0,1.2,1.6,3.0,4.8,7.7,rs_RS_Session_266_AU_1736_A_to_C_4_clean.csv,149093,5152,rs_RS_Session_266_AU_2511_1_clean.csv,178884,156839,177525,rs_RS_Session_267_AU_3467_1_clean.csv
Maharashtra,159663,199976,234105,90215,rs_RS_Session_260_AU_618_A_to_B_i_clean.csv,5,31,27,20,17,5,31,26,20,18,rs_RS_Session_266_AU_1736_A_to_C_3 (1)_clean.csv,1.4,1.4,3.4,5.9,8.9,1.6,1.2,2.8,4.7,8.1,rs_RS_Session_266_AU_1736_A_to_C_4_clean.csv,186706,6069,rs_RS_Session_266_AU_2511_1_clean.csv,205909,182758,214670,rs_RS_Session_267_AU_3467_1_clean.csv
Manipur,1563,1793,2554,900,rs_RS_Session_260_AU_618_A_to_B_i_clean.csv,3,17,21,25,34,3,19,20,24,34,rs_RS_Session_266_AU_1736_A_to_C_3 (1)_clean.csv,1.3,1.1,2.4,3.8,5.7,1.7,1.1,2.2,1.9,6.0,rs_RS_Session_266_AU_1736_A_to_C_4_clean.csv,2067,67,rs_RS_Session_266_AU_2511_1_clean.csv,2522,1813,2561,rs_RS_Session_267_AU_3467_1_clean.csv
Meghalaya,4139,4152,4989,2057,rs_RS_Session_260_AU_618_A_to_B_i_clean.csv,6,35,30,18,11,7,34,31,19,9,rs_RS_Session_266_AU_1736_A_to_C_3 (1)_clean.csv,2.9,1.8,4.3,7.7,9.6,2.5,1.7,3.7,8.3,12.6,rs_RS_Session_266_AU_1736_A_to_C_4_clean.csv,3890,180,rs_RS_Session_266_AU_2511_1_clean.csv,4493,3840,4318,rs_RS_Session_267_AU_3467_1_clean.csv
Mizoram,2334,1749,2085,981,rs_RS_Session_260_AU_618_A_to_B_i_clean.csv,8,31,32,16,13,6,32,30,18,14,rs_RS_Session_266_AU_1736_A_to_C_3 (1)_clean.csv,0.7,1.6,3.3,5.9,13.3,3.4,2.6,5.8,4.6,16.3,rs_RS_Session_266_AU_1736_A_to_C_4_clean.csv,1985,102,rs_RS_Session_266_AU_2511_1_clean.csv,2115,1541,2163,rs_RS_Session_267_AU_3467_1_clean.csv
Nagaland,3487,3648,4125,1896,rs_RS_Session_260_AU_618_A_to_B_i_clean.csv,6,35,29,17,13,6,34,30,17,13,rs_RS_Session_266_AU_1736_A_to_C_3 (1)_clean.csv,1.8,0.8,2.8,3.3,5.1,1.5,1.4,2.3,3.9,5.0,rs_RS_Session_266_AU_1736_A_to_C_4_clean.csv,3419,93,rs_RS_Session_266_AU_2511_1_clean.csv,4192,3278,4009,rs_RS_Session_267_AU_3467_1_clean.csv
Odisha,45628,52381,60372,25939,rs_RS_Session_260_AU_618_A_to_B_i_clean.csv,4,24,27,27,18,4,24,27,26,19,rs_RS_Session_266_AU_1736_A_to_C_3 (1)_clean.csv,1.7,1.8,3.5,5.6,8.8,1.2,1.7,3.2,5.2,7.8,rs_RS_Session_266_AU_1736_A_to_C_4_clean.csv,48917,2064,rs_RS_Session_266_AU_2511_1_clean.csv,60766,56259,59483,rs_RS_Session_267_AU_3467_1_clean.csv
Puducherry,2762,3444,3835,652,rs_RS_Session_260_AU_618_A_to_B_i_clean.csv,2,16,25,33,24,3,17,25,31,24,rs_RS_Session_266_AU_1736_A_to_C_3 (1)_clean.csv,0.0,2.6,6.0,9.0,14.8,5.3,3.0,4.4,10.3,11.5,rs_RS_Session_266_AU_1736_A_to_C_4_clean.csv,2843,90,rs_RS_Session_266_AU_2511_1_clean.csv,1507,1156,1355,rs_RS_Session_267_AU_3467_1_clean.csv
Punjab,46198,50142,55150,24800,rs_RS_Session_260_AU_618_A_to_B_i_clean.csv,5,33,24,19,19,5,34,24,19,18,rs_RS_Session_266_AU_1736_A_to_C_3 (1)_clean.csv,2.1,1.8,3.3,6.2,12.1,1.4,1.5,3.4,5.9,10.1,rs_RS_Session_266_AU_1736_A_to_C_4_clean.csv,49739,2049,rs_RS_Session_266_AU_2511_1_clean.csv,56264,46305,60456,rs_RS_Session_267_AU_3467_1_clean.csv
Rajasthan,137343,149225,169522,69222,rs_RS_Session_260_AU_618_A_to_B_i_clean.csv,5,28,26,21,20,5,28,26,21,20,rs_RS_Session_266_AU_1736_A_to_C_3 (1)_clean.csv,1.0,1.1,2.1,3.7,6.3,1.0,0.9,2.0,3.1,5.3,rs_RS_Session_266_AU_1736_A_to_C_4_clean.csv,145405,3341,rs_RS_Session_266_AU_2511_1_clean.csv,159302,141911,168059,rs_RS_Session_267_AU_3467_1_clean.csv
Sikkim,1326,1373,1395,615,rs_RS_Session_260_AU_618_A_to_B_i_clean.csv,4,38,27,15,16,3,35,30,18,14,rs_RS_Session_266_AU_1736_A_to_C_3 (1)_clean.csv,2.2,1.9,2.4,3.8,9.8,0.0,1.0,1.6,3.8,12.2,rs_RS_Session_266_AU_1736_A_to_C_4_clean.csv,1122,33,rs_RS_Session_266_AU_2511_1_clean.csv,1189,973,1169,rs_RS_Session_267_AU_3467_1_clean.csv
Tamil Nadu,70304,82823,93879,40923,rs_RS_Session_260_AU_618_A_to_B_i_clean.csv,3,16,23,33,25,3,16,23,33,25,rs_RS_Session_266_AU_1736_A_to_C_3 (1)_clean.csv,1.1,1.5,4.1,6.3,10.5,1.2,1.6,4.1,6.0,9.0,rs_RS_Session_266_AU_1736_A_to_C_4_clean.csv,77820,4112,rs_RS_Session_266_AU_2511_1_clean.csv,92945,82468,91318,rs_RS_Session_267_AU_3467_1_clean.csv
Telangana,63209,60714,72941,31094,rs_RS_Session_260_AU_618_A_to_B_i_clean.csv,3,22,26,28,21,3,23,26,27,21,rs_RS_Session_266_AU_1736_A_to_C_3 (1)_clean.csv,1.2,0.8,2.0,2.5,4.4,0.7,0.6,1.5,1.7,3.2,rs_RS_Session_266_AU_1736_A_to_C_4_clean.csv,62722,1004,rs_RS_Session_266_AU_2511_1_clean.csv,72100,66459,74711,rs_RS_Session_267_AU_3467_1_clean.csv
Tripura,2071,2543,3024,1467,rs_RS_Session_260_AU_618_A_to_B_i_clean.csv,2,17,27,31,23,2,18,24,31,25,rs_RS_Session_266_AU_1736_A_to_C_3 (1)_clean.csv,2.0,1.8,2.5,6.7,10.9,0.0,1.5,3.1,6.4,9.8,rs_RS_Session_266_AU_1736_A_to_C_4_clean.csv,2760,151,rs_RS_Session_266_AU_2511_1_clean.csv,3425,2758,3422,rs_RS_Session_267_AU_3467_1_clean.csv
Uttar Pradesh,366641,453712,522850,253988,rs_RS_Session_260_AU_618_A_to_B_i_clean.csv,6,34,24,20,16,7,34,23,20,16,rs_RS_Session_266_AU_1736_A_to_C_3 (1)_clean.csv,1.2,1.2,2.3,4.2,7.5,1.0,1.1,2.2,4.3,6.8,rs_RS_Session_266_AU_1736_A_to_C_4_clean.csv,563573,14229,rs_RS_Session_266_AU_2511_1_clean.csv,613851,566490,670590,rs_RS_Session_267_AU_3467_1_clean.csv
Uttarakhand,20000,22789,27553,10976,rs_RS_Session_260_AU_618_A_to_B_i_clean.csv,5,32,23,20,20,5,33,23,20,19,rs_RS_Session_266_AU_1736_A_to_C_3 (1)_clean.csv,0.8,1.1,2.3,4.6,9.0,1.2,1.2,2.4,4.7,9.4,rs_RS_Session_266_AU_1736_A_to_C_4_clean.csv,24984,791,rs_RS_Session_266_AU_2511_1_clean.csv,25674,23113,28382,rs_RS_Session_267_AU_3467_1_clean.csv
West Bengal,79039,90487,100972,44210,rs_RS_Session_260_AU_618_A_to_B_i_clean.csv,3,27,26,25,19,3,27,26,25,19,rs_RS_Session_266_AU_1736_A_to_C_3 (1)_clean.csv,2.5,1.5,3.5,7.4,11.6,3.0,1.7,3.5,6.6,11.7,rs_RS_Session_266_AU_1736_A_to_C_4_clean.csv,83962,4269,rs_RS_Session_266_AU_2511_1_clean.csv,97535,84928,97332,rs_RS_Session_267_AU_3467_1_clean.csv
